districtid,vaccinationratio,populationratio,ratioofratios
NL_Kiphire,0.4514774494556765,0.9562252180808882,0.4721455164733854
JK_Srinagar,0.5360181761482603,0.8995291219491218,0.5958875183349295
AR_Anjaw,0.5188266575177974,0.839489006691579,0.6180267441053101
MN_Senapati,0.6112965474079483,0.9373370046457467,0.6521630367500312
MN_Ukhrul,0.6218160606649815,0.9425874701746236,0.6596905648976895
MN_Chandel,0.6218555714968914,0.9332788050255434,0.6663127547184269
NL_Tuensang,0.6206510350807471,0.9286786418529819,0.6683162582940092
TN_Kancheepuram,0.6594938245096483,0.986257040633734,0.6686835148835854
BR_Gopalganj,0.6865781010408044,1.0210465532719186,0.6724258544732185
ML_East Garo Hills,0.6537392024612472,0.9719084745972969,0.672634532518218
CT_Bijapur,0.6637225889672964,0.9837093803191282,0.6747140997598051
NL_Phek,0.6450225576590631,0.9514228054882199,0.6779557457928199
MP_Singrauli,0.6345870915209696,0.9201466013294505,0.6896586811320093
UP_Deoria,0.7047287165421525,1.016959405139466,0.6929762515402529
NL_Peren,0.6378860672614962,0.9153357203202317,0.6968875496723003
UP_Kushinagar,0.6858831629510032,0.9606359543578165,0.7139886445427861
JH_Saraikela-Kharsawan,0.6911514199455094,0.9563454816306063,0.7227005650375107
UP_Gautam Buddha Nagar,0.6204438767998454,0.8513694459983779,0.7287598582684249
JK_Ramban,0.6599856501123035,0.9024287208647372,0.7313438001838896
AR_Papum Pare,0.7221914244898829,0.9799174721356327,0.7369920886459331
CT_Narayanpur,0.7333456630294063,0.9944653657423257,0.7374270520542415
UP_Sonbhadra,0.6915513180395573,0.9175070829695762,0.7537285879050686
JK_Pulwama,0.6933780639237006,0.9123467911445964,0.7599939744993395
UP_Mau,0.7460827641623142,0.9789631195226737,0.762115292480162
AR_Tirap,0.7244319582039529,0.9438754253176863,0.767508019355548
MH_Ratnagiri,0.8612313029817039,1.1219608971503874,0.7676125836195383
JH_Latehar,0.7429773490289405,0.9665806430669848,0.7686656611200641
UP_Azamgarh,0.7842282778412348,1.0192144083774033,0.7694438691165404
JK_Kulgam,0.7351678598032902,0.9505698005698006,0.7733970291951293
RJ_Jaisalmer,0.6606200319967751,0.8520989306291262,0.77528560153106
JK_Anantnag,0.7196057272391492,0.9270374995310549,0.7762423069219576
JK_Kishtwar,0.7210659994692749,0.9198269046727416,0.7839148820351342
PB_Ludhiana,0.6856322829012511,0.8731711260638093,0.7852209749445457
JH_Bokaro,0.7292968716904507,0.9223681426388903,0.7906787300826936
UP_Varanasi,0.7269272765355685,0.9131709591296334,0.7960473000898118
PB_Bathinda,0.6920284772392509,0.868313515797292,0.7969799670846136
HP_Solan,0.7014162067328839,0.8795545968635224,0.7974675014309774
BR_Siwan,0.7905171266469826,0.9882298861553708,0.7999324223257669
GJ_Bharuch,0.7413250883099635,0.9250409888458211,0.8013970161851087
UP_Ballia,0.7509848073646931,0.9366191205462125,0.8018038398860977
JK_Reasi,0.7140175267770205,0.8903346729864653,0.8019653153369607
NL_Kohima,0.745566681584247,0.9284429284861045,0.8030290917288251
UP_Jaunpur,0.8247592737492615,1.0239922718889962,0.8054350568757689
UP_Sant Kabir Nagar,0.78399092926383,0.9722545466253323,0.8063638601486001
TN_Thiruvallur,0.7962764732732539,0.9871965851874831,0.8066037557474223
AS_Dima Hasao,0.7526052685189538,0.9322936409090089,0.8072620422307563
JH_Sahibganj,0.7708090713204724,0.9521285530318583,0.8095640750043561
PB_Mansa,0.7152939479486493,0.8832658074239355,0.8098286404121317
UP_Siddharthnagar,0.7941368755114323,0.9761461514406279,0.8135430072017592
AN_Nicobars,0.6335914046452836,0.7774883002846529,0.8149208218481411
JH_Dhanbad,0.7429823197643787,0.9093677184776764,0.8170317734702145
AS_Karimganj,0.7871026292589327,0.9631836948602253,0.8171884900659111
NL_Zunheboto,0.7980500279709103,0.9764522515691478,0.8172954967213736
HR_Faridabad,0.7158496117570534,0.8732163004212771,0.8197849850165381
AR_Changlang,0.7595708317508545,0.9263138743047252,0.8199929341671308
CT_Dakshin Bastar Dantewada,0.8389191845905399,1.0202694005497044,0.8222526169446462
MP_Sidhi,0.7892737068092518,0.9569534928947478,0.8247774972028462
AS_Karbi Anglong,0.7850176481515884,0.9509942529790867,0.8254704438985203
AS_Chirang,0.8003963759909399,0.9691333823409295,0.8258887688478882
UP_Basti,0.7986321619699861,0.9632908246180908,0.8290665098846075
UP_Moradabad,0.7516657962126828,0.9063729183528512,0.8293118439358083
GJ_Valsad,0.7662777179032408,0.9224929048197633,0.8306597415542791
ML_Ribhoi,0.7922462266942882,0.9530524933789076,0.8312723928621136
UP_Sultanpur,0.8191703319984961,0.9832574770733725,0.8331188433336145
UP_Gorakhpur,0.7920900851414446,0.9496618852503999,0.834075893161272
KL_Malappuram,0.91613051336476,1.0980774645875588,0.8343040841010806
MH_Aurangabad,0.7704942038477718,0.9232744201127687,0.8345235035902583
OR_Jharsuguda,0.7956196011670363,0.9532340153021672,0.834652969150321
UP_Kaushambi,0.7592472940551858,0.9077216646690162,0.8364318310415464
UP_Ambedkar Nagar,0.8178685055981253,0.9777863923920126,0.8364490567283603
WB_Paschim Medinipur,0.8085220703257838,0.9659850692430063,0.8369923056464855
AR_Lohit,0.7634213836477988,0.911887799950145,0.8371878466731727
UP_Lucknow,0.7680656607626286,0.9168444369457034,0.837727350259436
MP_Tikamgarh,0.7569327708010591,0.9006464085854634,0.8404327864804148
UP_Rampur,0.7637840336319416,0.90852193295307,0.8406886019243688
UP_Pratapgarh,0.8396701127232536,0.9981140475130519,0.8412566828564485
AS_Kamrup Metropolitan,0.7879923494587121,0.9363295937984975,0.8415758240236629
JK_Kupwara,0.7032463956848701,0.8354541428541302,0.8417534363793998
HR_Rewari,0.756482943835108,0.8980931198414622,0.8423212772954409
UP_Shahjahanpur,0.7350507782449451,0.8715963553354917,0.8433385175893858
UP_Ghazipur,0.8029916507696417,0.9515480506178996,0.8438792452448504
TN_Chennai,0.8360084120373725,0.9893160673401135,0.8450367275294278
PB_Sangrur,0.7483764295228035,0.8850960503582456,0.8455313174427743
JH_Deoghar,0.7827545085810657,0.9252008330086113,0.8460374014533342
JH_Ramgarh,0.779550320091839,0.9210549744046295,0.8463667661050751
JK_Ganderbal,0.7404114515896993,0.8740297379032258,0.847123867164894
MP_Chhatarpur,0.7488665833759252,0.882635898564395,0.8484433780610496
JH_Jamtara,0.8111194786927486,0.95401032532174,0.8502208594222485
UP_Balrampur,0.7898748725955804,0.9275361278741496,0.8515839425100566
MN_Imphal West,0.879094109024846,1.0309111011785739,0.8527351272285599
UP_Kannauj,0.7504565646594274,0.878726570013246,0.8540273963129567
MP_Alirajpur,0.8647395248847366,1.0107987488346177,0.8555011824873374
NL_Mon,0.770261605539882,0.8994633898279356,0.8563568170209023
UP_Chandauli,0.7876974898348063,0.9184069240253265,0.8576780828070981
BR_Rohtas,0.787455881211446,0.917609193376809,0.8581604095678272
GA_North Goa,0.8267136110283794,0.9631705133712684,0.8583252908508738
MH_Solapur,0.80783677061203,0.938080267450441,0.8611595389460722
MN_Imphal East,0.8764493952657771,1.0173600360911834,0.8614938312627244
JH_Pakur,0.854154870716385,0.9891751222217068,0.8635021762354236
UP_Shrawasti,0.7612261334171446,0.8814053615357546,0.8636504457957795
MP_Satna,0.799616845703724,0.9256541064972202,0.8638397864722542
MP_Rewa,0.8041439965268296,0.9305411803118113,0.8641680922249697
JH_Lohardaga,0.8515199496906197,0.9850921424242034,0.864406397146893
MP_Panna,0.7829320083942302,0.905451000974732,0.8646873299067446
UP_Mathura,0.7463949389489307,0.8631683276949803,0.8647153921206965
JH_Ranchi,0.8209804154461521,0.9494152596397039,0.8647221614677946
AR_East Kameng,0.8913966322343285,1.0294003868471953,0.8659377280442463
UP_Agra,0.7527677178568241,0.868450239814491,0.8667943001750131
MH_Nashik,0.8102685488035807,0.9343766886081466,0.8671754750330531
BR_Kishanganj,0.8248552951601652,0.9497791157710186,0.8684706596128492
GJ_Surat,0.6840801415151594,0.7874549118458984,0.8687229341316636
OR_Dhenkanal,0.8233908725801996,0.9471508815804294,0.8693344308630933
BR_Buxar,0.8026137899954935,0.9216173391878393,0.8708753143715636
UP_Gonda,0.8024769747915248,0.921454094964821,0.8708811205860033
UP_Ghaziabad,0.7679131324811211,0.8810595644386086,0.8715791343465163
MP_Shahdol,0.8492147952594034,0.9741139696419213,0.8717817644803614
OR_Cuttack,0.820857755518279,0.9400854549217895,0.8731735516390585
UP_Bareilly,0.7747459280757858,0.8867646591012718,0.8736770462424427
UP_Sitapur,0.7759817269617084,0.8877867891737508,0.8740631606873791
HR_Panipat,0.7552045917284865,0.86352934265224,0.8745557961110558
UP_Etah,0.7645890667312477,0.8731203930166498,0.8756971808774
AS_Kokrajhar,0.8396290644441836,0.9587816429494044,0.8757250106096279
JH_Khunti,0.8737304004085416,0.9970525841515385,0.8763132599992803
TN_Krishnagiri,0.8400534379174838,0.9576612735255646,0.8771926579268308
UP_Rae Bareli,0.8275817512543177,0.9432110614182142,0.8774088696648277
WB_Kolkata,0.7970419870257823,0.9079934113102446,0.8778059147760136
MP_Raisen,0.7912545145039221,0.9013090448028008,0.8778947898798045
MP_Guna,0.8007304871718938,0.9119058398859188,0.8780846137272975
BR_Bhojpur,0.797054377737297,0.9074700429256561,0.8783258289911342
AS_Dhubri,0.8378221626128248,0.9534618499009869,0.8787159787251364
AR_Lower Dibang Valley,0.815319639086197,0.9277795601183474,0.87878594672014
MN_Thoubal,0.8808094666438003,1.0022670682254737,0.8788171282563283
ML_South Garo Hills,0.8310079599320276,0.9452507858411917,0.8791401947288541
AR_Lower Subansiri,0.8655595096876235,0.9843223478240088,0.879345583894414
LD_Lakshadweep,0.8336098601564351,0.9464722398333484,0.8807546857404019
RJ_Jaipur,0.8021612559463193,0.9103833436115308,0.8811247059553069
UT_Udham Singh Nagar,0.8108861400118088,0.9200449939041644,0.8813548743641922
UP_Farrukhabad,0.7705438066465257,0.8735132771505804,0.8821203143700993
NL_Wokha,0.8543307086614174,0.9684397372936513,0.8821722981430762
MP_Bhopal,0.8101249234091229,0.9181323970779772,0.8823617661106439
MH_Chandrapur,0.8483934432688117,0.9614168996488806,0.8824407430102943
MH_Pune,0.8075458709077761,0.9149486048733729,0.8826133693263993
UP_Mainpuri,0.7776419149251519,0.8809867754135641,0.8826941977194848
OR_Balangir,0.8720339803404488,0.9865112149543969,0.8839574929523331
OR_Sambalpur,0.8647532015846693,0.9759811113409771,0.8860347721243467
GJ_Tapi,0.8935473199228615,1.006579012799984,0.8877070836568466
UP_Pilibhit,0.7941918749900546,0.8945925474019638,0.8877693842817175
UP_Banda,0.7661987634618519,0.8629824118209791,0.8878498019966548
JH_Hazaribagh,0.8408110791553622,0.9469435311786871,0.8879210338010136
MP_Ashoknagar,0.802848889054024,0.9040120584809288,0.8880953318289847
GJ_Kheda,0.8349960836047327,0.9396412496299739,0.8886328520949353
MH_Sindhudurg,0.9211493812171172,1.0359114565861234,0.8892163276703127
NL_Longleng,0.8055285456313377,0.9049128367670365,0.8901725259078355
UP_Auraiya,0.7693978025496828,0.8641492351764769,0.8903529289041795
ML_East Khasi Hills,0.9002973917117337,1.010770567913738,0.890704003748324
AS_Cachar,0.8549395227814807,0.9594362529392384,0.8910852807180973
MN_Churachandpur,0.869090077732053,0.9748091053162369,0.8915489945594142
PB_Tarn Taran,0.8021759788775272,0.8997045993257196,0.891599286564407
UP_Kanpur Dehat,0.7714559574343225,0.8647024931093013,0.8921634476388723
JH_Palamu,0.8279404574666738,0.927720505375126,0.8924460035858474
BR_Patna,0.8001534230311779,0.8965217611625357,0.8925086458510553
GJ_Jamnagar,0.8379644305404708,0.9387313856139696,0.8926562415854531
MP_Chhindwara,0.8625696306013423,0.9642882641845504,0.8945142885574509
JH_Godda,0.8394613954753593,0.9375994760497812,0.8953304869709511
MH_Gadchiroli,0.8798797848782031,0.9820552419235657,0.8959575259277369
UP_Aligarh,0.7905312250817939,0.8821191231949246,0.8961728686014527
MP_Sagar,0.8007995007337191,0.8932893508255079,0.8964614880874636
PB_Patiala,0.8006335120478215,0.8909171070560048,0.8986621827180743
OR_Bargarh,0.8788344678616026,0.9772185151122389,0.8993223667693848
MH_Yavatmal,0.8575293528858697,0.9524058691587469,0.9003822641741164
MP_Betul,0.8743709226467847,0.9710848860661933,0.9004062726058986
UP_Etawah,0.7837050071721653,0.8700700828509818,0.9007377941374312
GJ_Gandhinagar,0.8318943264005705,0.9226719383751644,0.9016144219857231
MP_Ratlam,0.8754756054060481,0.9709945668149019,0.9016277076377686
TN_Coimbatore,0.901460502645137,0.9996825299529231,0.9017467802379106
UP_Kanpur Nagar,0.778192479337189,0.8624509412530907,0.9023034727129186
MP_Umaria,0.8579552857180082,0.9498297416791159,0.9032727109611335
GA_South Goa,0.8912497875191233,0.9863891361179422,0.9035478543759599
UP_Jhansi,0.8044606633263773,0.8900463006744617,0.9038413650130009
MP_Mandsaur,0.8706140285728715,0.9629626375300029,0.9040994890580538
JK_Punch,0.8074480002422114,0.8929610677295265,0.9042365108875983
GJ_Rajkot,0.8385034548620864,0.9268999642937635,0.9046320931741222
OR_Kalahandi,0.9080362868181981,1.0033883834476134,0.9049699017824103
JH_Chatra,0.8630045611062035,0.9532077874647663,0.9053687689664442
MP_Shivpuri,0.794537318930866,0.8765594507471773,0.9064271889985376
BR_Aurangabad,0.8398053732598477,0.926218108356513,0.9067036864027669
AR_Upper Subansiri,0.9054223672649679,0.998371569519613,0.906899189547866
GJ_Vadodara,0.8473477734957757,0.9341395602803686,0.9070890577008177
MP_Dhar,0.8751638910379087,0.9643604664225213,0.9075070178731981
CT_Uttar Bastar Kanker,0.9138614879925018,1.0060668884496087,0.9083506260709968
BR_Saran,0.8680222897153551,0.9536390021657872,0.9102210456409711
JK_Samba,0.8062257246605842,0.8855869066483764,0.9103857776215941
AS_Hailakandi,0.8668738892845494,0.9512148924206103,0.9113333865900338
MP_Indore,0.8461549156659741,0.9278918256770456,0.9119111649125357
JK_Doda,0.8382373951949468,0.9188077194920451,0.9123099179645107
UP_Firozabad,0.7993850245159145,0.8754277254689402,0.9131365174523209
MH_Osmanabad,0.8446662325924919,0.9239798731334189,0.9141608569113556
UP_Saharanpur,0.8137618840727867,0.8899572870924581,0.9143830786884096
PB_Rupnagar,0.8369171313568955,0.9151209141642307,0.9145426778069455
OR_Kendujhar,0.9048962855105681,0.9875993809067312,0.9162584576346818
MZ_Serchhip,0.8961082345081008,0.976713037654866,0.9174734030987228
MP_Rajgarh,0.8773774315041118,0.956201626905185,0.917565298799801
UP_Muzaffarnagar,0.8159974896192663,0.8890525085322831,0.9178282292531611
TN_Tiruppur,0.9086622307032349,0.9893544884721773,0.9184394888696038
CT_Raipur,0.9041244364358565,0.9841323004844287,0.9187021257109546
MH_Akola,0.8690702146425688,0.945553846582877,0.9191123464658187
UP_Hardoi,0.7975748458984848,0.8676492464778899,0.9192364877122143
MH_Latur,0.8537026842733614,0.9276717407355043,0.92026376010603
OR_Bhadrak,0.9037331111344938,0.9813445400257806,0.9209131699155855
ML_West Garo Hills,0.9074289007532158,0.9844921782211816,0.9217228138803432
MP_Gwalior,0.7967493807309548,0.8636941027783408,0.9224902406627098
AS_Baksa,0.8983836998882115,0.9738536970477635,0.9225037627434807
AR_West Siang,0.8585495782719238,0.9301677898500894,0.9230050617107394
CH_Chandigarh,0.7547174552124425,0.8176636017793454,0.9230170617477362
MH_Nandurbar,0.9038420664834075,0.9783417549839769,0.9238510590792585
WB_Uttar Dinajpur,0.86740601349128,0.9387530898104917,0.9239980383621271
MP_Vidisha,0.8288916481860031,0.8957064223044617,0.9254054984371348
AS_Udalguri,0.900296423722428,0.9725675198106338,0.9256904074873099
MH_Jalna,0.8683566907590045,0.9368248089667248,0.9269147042730032
OR_Sundargarh,0.9019683065588421,0.9728058412265219,0.9271822478179538
MP_Anuppur,0.9053239839693862,0.9762841783737873,0.9273160459051987
MP_Burhanpur,0.8816348219435651,0.9506800444783066,0.9273728075646833
TR_Dhalai,0.8756194901119847,0.9441874331770704,0.9273788861663163
OR_Puri,0.8934387076180537,0.9629873581547991,0.9277782309935936
MP_Bhind,0.7771148206346676,0.8374255402479168,0.9279807974385467
RJ_Bikaner,0.8400802212484966,0.9051701280060219,0.9280909690414658
UP_Unnao,0.8427090862788778,0.9068718418096703,0.9292482657717598
UP_Lalitpur,0.842368223832126,0.905727046805749,0.9300464492066652
MH_Hingoli,0.8760695809939442,0.9418714353102621,0.930137116543255
PB_Moga,0.8310687525472615,0.8933411925768178,0.9302926580045715
UP_Mirzapur,0.8402401840406788,0.9027403753099515,0.9307661505138577
MH_Wardha,0.8811128048322164,0.9461448117477202,0.9312663282533077
TN_Cuddalore,0.9189856069586169,0.9866737516362392,0.9313976432783659
MZ_Mamit,0.86323697095714,0.9265637547961095,0.9316541538440551
MZ_Lawngtlai,0.8811951447245565,0.945477648146009,0.9320105519707375
OR_Subarnapur,0.895311218879701,0.9600368761885183,0.9325800300861491
UP_Chitrakoot,0.8209244218369577,0.8792695382598001,0.9336436509124202
MH_Thane,0.8272496477809624,0.8857631560910187,0.9339400065269325
CT_Bastar,0.9557303035176803,1.0232287787746945,0.9340338381238231
HR_Jhajjar,0.8057903665468044,0.8621846747508584,0.934591381805354
MH_Jalgaon,0.8644951646453876,0.9249951646631306,0.9345942526739843
JK_Jammu,0.8227339752997025,0.8799686909037737,0.9349582363603322
AS_Golaghat,0.9017548467587044,0.964220553390247,0.9352163709724812
RJ_Sawai Madhopur,0.8401169908489908,0.897005955703655,0.9365790555871641
BR_Jamui,0.8636866776798517,0.9217052520347924,0.9370530066668747
UP_Meerut,0.8304199841606664,0.8861849668874535,0.9370729759469398
MH_Mumbai,0.7796170246919654,0.83153054004255,0.9375687207496574
KL_Kozhikode,1.0298826982601164,1.0981745031415242,0.9378133396049108
BR_Gaya,0.8793260133654867,0.9374763408610206,0.9379714186257478
AS_Darrang,0.8950276552701922,0.9536140281480329,0.9385638516752755
RJ_Jhalawar,0.8883993685437729,0.9460009956656825,0.9391103948242925
GJ_Narmada,0.9025118233394108,0.9605594414884784,0.9395689473843313
UP_Bijnor,0.8616981159706815,0.9168666703101943,0.9398292509413084
MH_Satara,0.9287220726217024,0.9881238408781329,0.9398842879819184
MP_Jhabua,0.9308025998542595,0.9902955790323927,0.9399240182044808
AR_West Kameng,0.769759924855651,0.8188061965117539,0.9401002680914631
AR_East Siang,0.9212311199772015,0.9796871258679862,0.9403319648209181
UP_Bahraich,0.8384096965529099,0.8915132405292306,0.9404343743175403
OR_Nuapada,0.9616766988359368,1.0213867970141939,0.9415401703323297
MP_Balaghat,0.9618564269526637,1.020591846379269,0.9424496485691322
RJ_Jodhpur,0.8653187788874253,0.9164776436540245,0.9441788186314864
MP_Datia,0.8238798571245203,0.8725238422780056,0.944249104956852
AS_Barpeta,0.9006721812355615,0.9534189000281429,0.944676239593085
RJ_Kota,0.8604304794120192,0.9105841292411285,0.9449214540221486
JH_Giridih,0.8921269141329563,0.9437865730650553,0.945263409751287
JK_Rajouri,0.8131179863454445,0.8601799328798816,0.9452882533810412
MP_Morena,0.794420277917533,0.8400774229537717,0.9456512652420714
RJ_Dausa,0.8562597882814358,0.9053786079761059,0.9457477576099672
BR_Muzaffarpur,0.8507688129821136,0.8995322249640653,0.9457902556143559
MH_Nanded,0.8919786320749766,0.9428591246044247,0.9460359546811461
PB_Jalandhar,0.8661882529252406,0.9154461492249026,0.9461924698231915
MP_Dewas,0.8917911236723216,0.9416372077545542,0.9470644493741953
RJ_Barmer,0.8543559163733027,0.901905886099712,0.9472783463782025
MH_Parbhani,0.8978238296040219,0.9473373847932377,0.9477339794839591
UP_Fatehpur,0.854390059462606,0.9012718798430298,0.9479825994475841
RJ_Pali,0.9359384829988837,0.9870580112383,0.9482102088657536
KL_Kannur,1.0769428682031479,1.1355212172202538,0.948412809792753
KL_Kasaragod,1.024236856208507,1.0797772238245154,0.9485631235864679
JH_Dumka,0.9264643957359101,0.9766856041907873,0.9485799644845928
GJ_Bhavnagar,0.8852594264527952,0.9328701295999667,0.9489632033050646
HP_Sirmaur,0.8715544267998846,0.9177564072402448,0.9496576868590951
HR_Sonipat,0.8136896150682211,0.8558848789003953,0.9506998372416804
PB_Barnala,0.83251519510045,0.8755456314838027,0.9508530054448124
MH_Nagpur,0.9045052433401913,0.9512028427970943,0.9509067915318833
RJ_Alwar,0.851285836103296,0.894858036973202,0.9513082532987176
UP_Budaun,0.8294995894482415,0.8711112488876941,0.9522315209537408
MH_Amravati,0.9055959871731702,0.950639803129187,0.9526173680002166
MP_Hoshangabad,0.87035235921072,0.9135226791013141,0.9527430233773032
MH_Washim,0.8877882862230373,0.9299631469832437,0.954648890230737
NL_Mokokchung,0.883896577620427,0.9251968503937008,0.9553605562365466
MZ_Lunglei,0.9053381010152608,0.9474731876802065,0.9555289931020536
MP_Seoni,0.9400989740057282,0.9818546040331725,0.9574726951873278
MP_Ujjain,0.915364838342716,0.9550187003893578,0.9584784444215856
HR_Rohtak,0.8310754708735743,0.8667426589196786,0.9588491604987338
PB_Faridkot,0.8538350576999602,0.8903055367632878,0.9590359965681935
JH_Simdega,0.9557626917936833,0.9965369003259975,0.95908409561254
HP_Kinnaur,0.7854430598225689,0.8188717593893922,0.9591771248873572
TR_North Tripura,0.928144275024265,0.9666354928300176,0.9601802146814805
MP_Sehore,0.8813749424177213,0.917872650981436,0.9602366313837878
MP_Shajapur,0.9018085001028423,0.9380425869932866,0.9613726632533971
AS_Nagaon,0.925029812827293,0.9621599986658439,0.9614095515402463
MP_Damoh,0.877062205202594,0.910062806610936,0.9637381055806074
UP_Mahoba,0.8483451108767843,0.8782952152638102,0.9658997295368051
AS_Tinsukia,0.9209366183490534,0.952173599850639,0.9671940269017272
GJ_Surendranagar,0.8997526835222468,0.9301408809814522,0.9673294679542084
OR_Mayurbhanj,0.9733853711895144,1.0058206689470655,0.9677524048183404
MP_Jabalpur,0.898934219600119,0.9285457042241392,0.9681098254083653
BR_Munger,0.8493002560342042,0.8761153350771768,0.969393208896851
RJ_Baran,0.9013974654625515,0.9288029718666446,0.9704937352331944
MP_Mandla,0.9786318202825529,1.0083023652507652,0.9705737624042633
PB_Fatehgarh Sahib,0.8454336801091594,0.8708614535762714,0.9708015857600649
MN_Bishnupur,0.9712738532047522,0.9986109006415114,0.9726249258653218
AS_Goalpara,0.9382275493105157,0.9641510095618089,0.973112655596269
AS_Dibrugarh,0.9349833476280116,0.9607751827968435,0.9731551817421521
AS_Kamrup,0.9252544016539626,0.9494130084872588,0.9745541649236624
RJ_Tonk,0.9284113097440093,0.9520062186184999,0.9752155937502907
AS_Lakhimpur,0.9439078044955965,0.9675064284824251,0.9756088194433561
UP_Hamirpur,0.8407263871133994,0.8605158566357278,0.9770027834237741
CT_Koriya,0.9463175564534496,0.9684618073293362,0.9771346162457843
UP_Baghpat,0.8423656516082281,0.8613110117559672,0.978004042803174
CT_Kabeerdham,0.9749595124182522,0.9961413199112746,0.9787361420818191
RJ_Pratapgarh,0.9623545197080416,0.9825468767133302,0.9794489632160523
RJ_Udaipur,0.9388782551350308,0.9583980352322982,0.9796329088962122
MH_Sangli,0.9461120812912606,0.9656529649070019,0.9797640722641769
BR_Nawada,0.9203137333937959,0.9386809100979498,0.9804329921844928
AS_Nalbari,0.9300244890041947,0.9485538097907608,0.9804657146539177
AS_Sivasagar,0.9355076290264306,0.9535280779883778,0.9811012917417552
PB_Hoshiarpur,0.9439399689912464,0.9610793800684007,0.9821664979682173
RJ_Bhilwara,0.9556986548492098,0.973008906102548,0.9822095654574473
MH_Dhule,0.929242592944627,0.9457321463979712,0.9825642455782556
BR_Katihar,0.9028671815615881,0.9188774266915767,0.9825762994443844
KA_Dharwad,0.9556761827045626,0.9707759019895306,0.9844457209392793
JK_Kathua,0.876915933505197,0.8902728842196934,0.984996790364784
PB_Gurdaspur,0.8824020945908306,0.8953412330521509,0.9855483719685156
CT_Raigarh,0.977405260118925,0.991240580158288,0.9860424196544156
HR_Hisar,0.8601500749777456,0.87205038419343,0.9863536448909531
AS_Jorhat,0.9498779280339802,0.9616490512836631,0.9877594396479983
RJ_Sikar,0.9359436687930146,0.9471654339304286,0.9881522649207675
GJ_Amreli,0.9531213850122883,0.9638051537580621,0.9889150118111366
CT_Durg,0.9771649788837927,0.9879139243125116,0.9891195526612311
AS_Bongaigaon,0.9554114599845669,0.9658558131861699,0.9891864261114202
HR_Yamunanagar,0.8685968310376703,0.8774875602658345,0.9898679712046621
AR_Upper Siang,0.8799402844346664,0.8888710626236697,0.9899526730427669
WB_Dakshin Dinajpur,0.9468505126603952,0.9555272462987008,0.9909194283345498
HP_Shimla,0.9070132983248225,0.9151419046252226,0.991117654803788
ML_West Khasi Hills,0.9711336138874277,0.9795111374958057,0.991447240069372
BR_Supaul,0.9228623334099265,0.9294631704958871,0.9928982263144015
TN_Erode,0.9877622254593563,0.9929266073559035,0.9947988281729103
GJ_Junagadh,0.948380603116992,0.9532668354747657,0.9948742239046425
MZ_Saiha,0.9735172546380851,0.9785269636986781,0.9948803566519444
OR_Koraput,1.0273761259301792,1.0324524277079414,0.9950832584228295
HR_Mahendragarh,0.8905219490852522,0.8947078585885568,0.9953214790021984
RJ_Bharatpur,0.876039562399979,0.8797765920252323,0.9957522970500379
AS_Morigaon,0.9642718653663455,0.9673708674183347,0.996796469527494
BR_Purnia,0.91834995197056,0.9210760458287482,0.9970403161926381
BR_Begusarai,0.8926742195517179,0.894888560019392,0.9975255684712003
AN_South Andaman,0.8689064923554177,0.8709647007063002,0.9976368636418751
BR_Sheikhpura,0.9289050693776618,0.9298120051070076,0.9990246031193786
RJ_Hanumangarh,0.9054816036997828,0.9058446021409302,0.9995992707355219
KL_Palakkad,1.0676175597009068,1.0669212741949483,1.0006526118869303
RJ_Bundi,0.9255998420654074,0.9247799570309793,1.000886573101195
HR_Sirsa,0.8987720803420948,0.8974848443117457,1.0014342704932653
BR_Banka,0.9085552492060974,0.9067441947635737,1.0019973157291577
MZ_Kolasib,0.9581572544499936,0.9561722354256955,1.0020760057139855
BR_Bhagalpur,0.8820777228265289,0.8801977887715445,1.0021358086545618
HR_Fatehabad,0.9046522554204985,0.9016694928940568,1.0033080441890831
HR_Panchkula,0.8763660107678503,0.8729807560756676,1.0038778113590963
TN_Salem,0.9595989018139901,0.9544862371468776,1.005356457189362
MH_Kolhapur,0.9624691700426914,0.9569259306755634,1.005792756982993
KA_Kolar,0.9846147361321869,0.9788883507900608,1.0058498860850722
TN_Madurai,0.9962777912986214,0.9903712802371477,1.005963936131164
HR_Karnal,0.892850302490149,0.8870519686302826,1.0065366337767332
AS_Sonitpur,0.9620136968773122,0.9555871304517514,1.0067252542659535
CT_Bilaspur,0.9776250772081532,0.9707607574576013,1.0070710725560532
MZ_Champhai,0.9918618376094924,0.9837350918154856,1.0082611120225557
MZ_Aizawl,1.0179783088873997,1.008877402519195,1.0090208248747363
TN_Thanjavur,1.0478153582457852,1.0347238197047401,1.0126522056337515
KA_Dakshina Kannada,1.033364250409831,1.019542598244539,1.0135567186590244
BR_Nalanda,0.9348757974444698,0.9222028509211387,1.0137420378940194
HP_Kullu,0.9552940096115583,0.9423336231215513,1.0137535010658696
BR_Vaishali,0.9077977231657341,0.8947978758874188,1.0145282500424162
TN_Thiruvarur,1.0325257308424147,1.017378525051341,1.0148884662081001
HR_Ambala,0.8978286653060027,0.8846573342709156,1.014888624696637
RJ_Churu,0.9554438848763565,0.9397543953755114,1.0166953084529875
RJ_Ajmer,0.9670541047440872,0.9508203778458332,1.017073389755311
OR_Gajapati,1.0605939175881796,1.0426078718334852,1.0172510166483444
AR_Kurung Kumey,1.0506805157593124,1.0317754534622003,1.018322845570395
HR_Bhiwani,0.9037523234200744,0.8858864714678679,1.02016720260171
KL_Ernakulam,1.047571578164182,1.0267196523493771,1.0203092692022506
KA_Uttara Kannada,0.9988497262557156,0.9788738406291996,1.020407007315341
TN_Tiruchirappalli,1.0337894209911564,1.0131052352908116,1.0204166210772836
UT_Champawat,1.002768920210438,0.9801563393708294,1.023070381663933
RJ_Sirohi,0.9619312077599789,0.9398836832755868,1.0234577159671017
RJ_Banswara,1.0031436744172875,0.9801455019752048,1.0234640391612637
JH_Gumla,1.016428014460906,0.9930655728144016,1.0235255780545225
HR_Kurukshetra,0.9101313848985096,0.8878675319388778,1.0250756471644067
RJ_Rajsamand,1.0152036572697034,0.9895396661844466,1.0259352828009556
CT_Rajnandgaon,1.0455460890447328,1.014974012099285,1.0301210440671433
KA_Udupi,1.1285840306222465,1.0944601881056195,1.0311786969388912
BR_Araria,0.9505828915725714,0.9213459957507963,1.0317328082572825
MH_Bhandara,1.0137263053956789,0.9823193288413264,1.0319722677058567
UT_Uttarkashi,0.9891536323046249,0.9578402937181563,1.032691607141433
RJ_Nagaur,0.9835265173742317,0.9499465019969641,1.0353493752613185
UT_Nainital,0.9676676140581585,0.9337061900151115,1.0363727095377802
KL_Wayanad,1.0751102434368027,1.034982722737276,1.0387711986084165
HR_Jind,0.9054350541688433,0.8711651795356561,1.0393379756654801
CT_Surguja,1.0186794655597353,0.9778967739448123,1.0417044955066235
UT_Dehradun,0.9397359229466554,0.9016990604114105,1.0421835446051038
KL_Thrissur,1.1555330027368005,1.1078322459434764,1.0430577435960984
BR_Samastipur,0.9504221770700005,0.9110135726274807,1.0432579772975943
OR_Kandhamal,1.0827195633674698,1.0367278334189947,1.0443623952844021
AS_Dhemaji,0.9957708049113233,0.9534091200259645,1.0444318016217478
BR_Madhepura,0.9522496740626526,0.9108823464835871,1.0454145672476383
OR_Ganjam,1.0285652197866102,0.9834730763740025,1.04584990122847
KL_Thiruvananthapuram,1.1386576227635485,1.0872940004223364,1.0472398655021191
HR_Kaithal,0.9242491431316575,0.8814331973737441,1.0485753723430031
BR_Arwal,0.9731914926635474,0.9280571779134353,1.0486331185451183
KL_Pathanamthitta,1.187071386669574,1.131703565502852,1.0489243145064406
KA_Raichur,1.0507665952890792,0.9997822730896796,1.0509954252757854
UT_Pithoragarh,1.0737310255695496,1.0201708273089685,1.052501205510712
UT_Rudraprayag,1.1735679707465043,1.1143827068915864,1.0531103574103433
AP_Visakhapatnam,1.0596097703266252,1.0059698631545975,1.0533215846087274
UT_Chamoli,1.0732319541442397,1.0186761241500895,1.0535556186120174
UT_Tehri Garhwal,1.1358723219561682,1.077047243830247,1.0546169896101536
CT_Mahasamund,1.0747681131662472,1.0172276728773535,1.0565659407653878
WB_Purba Medinipur,0.9911555644630022,0.9377173616281483,1.0569875369930974
BR_Lakhisarai,0.9533456765565468,0.9016272596870873,1.057361194788419
UT_Bageshwar,1.153535260963204,1.0904557373357142,1.057846936347559
HP_Bilaspur,1.0384102386576526,0.981469569006661,1.058015726059261
WB_Birbhum,1.0120895110803405,0.9556451432783151,1.0590641496993272
JK_Udhampur,0.9220850289034594,0.8699963609898108,1.0598722825166607
HP_Una,1.036201658369645,0.9764460051878707,1.061197089100976
RJ_Karauli,0.9141739909002868,0.8608670574078116,1.061922375857882
KL_Kollam,1.1840918193502108,1.1134263268985252,1.0634666980154188
BR_Darbhanga,0.9692941967590201,0.9113992627972829,1.0635231301197732
KA_Davanagere,1.0341276939271382,0.9723205596107056,1.0635666228647667
KL_Alappuzha,1.1711421862816649,1.1001883250324238,1.0644924688208721
KA_Kodagu,1.0867648838527635,1.019311163549496,1.0661757888223031
BR_Saharsa,0.9660782790931832,0.9060474902073259,1.0662556759272308
HP_Chamba,1.054475903869792,0.9863768559620388,1.069039584106355
PY_Yanam,1.1128012407539967,1.0375077835976705,1.0725714624474796
HP_Hamirpur,1.1757404882611708,1.0950292532362833,1.0737069213323307
KA_Chitradurga,1.045396969288628,0.9735622464598028,1.0737854442179122
KL_Kottayam,1.1195480104174351,1.0392165975240863,1.0772999710404325
KA_Chikkaballapura,1.0497448084614376,0.9720789331858456,1.0798966756959267
TN_Vellore,1.0955914882762523,1.0066040063455555,1.0884036635754741
KA_Koppal,1.0743848973192143,0.9858099284781534,1.0898499460010498
TN_Dharmapuri,1.035200446408122,0.9460637502373102,1.0942184880759387
TN_Thoothukkudi,1.119726499098055,1.0232757355023752,1.0942568657199006
KA_Haveri,1.0411470754059553,0.9504497465597562,1.0954256962816675
HP_Kangra,1.1110428779729313,1.0118479971116094,1.0980333816388237
KA_Bidar,1.05356311383989,0.956320743339861,1.1016838452760307
BR_Madhubani,1.0212666273566,0.926481756638116,1.1023062462259654
KA_Yadgir,1.0903842599160036,0.9891806094567606,1.1023105886748248
KA_Gadag,1.0842791273195467,0.9818969481352404,1.104269780427309
KA_Hassan,1.1177276993568612,1.0102832854457617,1.1063507784984212
BR_Sitamarhi,0.9984060442423381,0.8985554986213796,1.1111234039234699
BR_Khagaria,0.9885268536434166,0.8860742306395439,1.1156253273836045
BR_Sheohar,0.997878843391151,0.8929827243540743,1.1174671314195375
TN_Dindigul,1.1160756960440583,0.9980563177536547,1.1182492171945089
AR_Tawang,0.802483451707977,0.714418030256252,1.1232687554373972
AP_Krishna,1.1238530724339169,0.992347097414411,1.1325201387318495
HP_Mandi,1.1428797056746813,1.0073223374459157,1.1345719867311528
TN_Pudukkottai,1.1545820939725215,1.0149018660637361,1.1376292945942947
PY_Mahe,1.349648382559775,1.1844016089432168,1.1395192073100946
RJ_Dungarpur,1.1412780906848987,0.9935221928066478,1.148719272652429
TN_Sivaganga,1.156493599737425,1.0026275961906586,1.1534627653690748
AP_Guntur,1.1588834597619893,1.0027744075957552,1.1556771403256292
PY_Puducherry,1.1910733572497716,1.02941327217047,1.1570409955356886
KA_Ramanagara,1.1375900718016918,0.9755842980394447,1.1660602513671217
AP_Chittoor,1.1876994364117406,0.9969648895514505,1.1913152096520716
AP_East Godavari,1.1997589443742935,1.00580615234223,1.1928331732515296
KA_Mandya,1.1967829494938305,0.9951374732759907,1.2026307737704052
AP_Prakasam,1.186537598484093,0.9812918862304084,1.2091586765708695
TN_Viluppuram,1.2004267079179956,0.9869228219590894,1.2163329099382771
AP_Anantapur,1.1911163913437772,0.9768262940816035,1.2193738012177957
TN_Virudhunagar,1.2376389115052677,1.0070992416108562,1.2289145501943415
AP_Vizianagaram,1.252122117881491,1.0185281327137774,1.2293446569269748
PY_Karaikal,1.2892930870947943,1.047071332903925,1.2313326194492373
AP_West Godavari,1.2634070241437945,1.003628650152322,1.2588391373164225
TN_Ramanathapuram,1.278288583451879,0.982610619080125,1.3009106136554416
AP_Srikakulam,1.326444111789967,1.0146362404582714,1.3073100081570754
TN_Tiruvannamalai,1.3304928393048265,0.9944145469374677,1.337965985516192
AP_Kurnool,1.3310811082556115,0.9877448660693489,1.347596078684308
